Customer Name,Code
Alcon Canada,C0000001
BVI Group,c0000002
Lipscomb University,C0000003
City of Sacramento,C0000004
Cotton States Insurance,C0000005
Novec,C0000006
FAG Canada,C0000007
Johnson and Johnson,C0000010
Novartis Animal Health Canada,C0000012
Bausch and Lomb,C0000015
Reckitt Benckiser,C0000016
Sharp Electronics of Canada,C0000018
Bayer Inc.,C0000045
Bayer Inc.,C0000046
Schaeffler Canada,C0000049
IMCD US Food Inc.,C0000057
Apotex Inc.,C0000069
IMCD US Food Inc.,C0000073
City of Sacramento,C0000075
Abell Pest Control,C0000076
Hunter Douglas Canada,C0000079
Johnson and Johnson,C0000091
Hunter Douglas Canada,C0000092
Quaker Oats,C0000104
Hewlett-Packard,C0000105
Hewlett-Packard,C0000109
Johnson and Johnson,C0000112
Alcon Canada,C0000117
Warner Bros.,C0000130
Mars Canada Inc.,C0000141
Baxter,C0000157
Sorin Group Canada Inc,C0000180
Baxter,C0000196
Oakville Hydro,C0000208
Source Medical,C0000213
Source Medical,C0000218
Noble Trade,C0000223
Noble Trade,C0000224
Ciba Canada,C0000240
Motts Canada,C0000267
Amer Sports Canada,C0000286
Ciba Canada,C0000291
Cedar Springs,C0000314
Electrolux,C0000320
Electrolux,C0000321
Region Of Peel,C0000323
Region Of Peel,C0000324
Sysco Food Services,C0000326
Oshawa Public Utilities Commission,C0000327
Reebok,C0000328
Reebok,C0000329
Reebok,C0000330
Oshawa Public Utilities Commission,C0000339
Hewlett-Packard,C0000350
Electrolux,C0000351
Expertech,C0000352
FAG Canada,C0000391
Abell Pest Control,C0000392
CFM Majestic,C0000393
Electrolux,C0000399
Hewlett-Packard,C0000404
SaskTel,C0000410
Electrolux,C0000411
Johnson and Johnson,C0000417
Johnson and Johnson,C0000418
Alectra Utilities Corp (Enersource Hdro),C0000420
Ingersoll Rand Canada,C0000443
BHC,C0000603
Good Samaritan Hospital Medical Ctr,C0000605
Matheson,C0000607
Equipment Company,C0000608
Praxair Canada Inc.,C0000609
Prince,C0000610
Safilo USA Inc,C0000611
Connecticut Post,C0000612
Nice-Pak,C0000613
Hospital Baby Portraits,C0000614
Montour Oil Service Company,C0000615
"Huck International, Inc.",C0000616
Automotive Refinishing Technologies,C0000619
SC Johnson Wax,C0000620
Ingersoll Rand,C0000621
H.O.PENN,C0000623
Dow Jones Local Media Group Inc.,C0000625
"Novartis Animal Health US, Inc.",C0000627
Otis Elevator Company,C0000628
Linde,C0000629
Ciba Vision Corporation,C0000630
Times Union,C0000631
Superior Plus Energy Services LLC,C0000632
CertainTeed,C0000634
CNI News,C0000635
Quarles Petroleum Inc.,C0000636
New England Newspapers,C0000637
GE Healthcare,C0000638
LeeCounty Electrical Cooperative,C0000639
Linde,C0000640
Linde,C0000641
CFM Majestic,C0000643
Superior Plus Energy Services LLC,C0000644
Call Sciences,C0000646
Catholic Health Services,C0000647
Country Lake (Lake Country) Newspapers,C0000648
Electrolux Financial,C0000649
CAR,C0000650
CityFone,C0000651
The Lowell Sun,C0000652
Daily Breeze,C0000653
Burbank,C0000654
Mirabito Oil,C0000655
RoadPost,C0000656
Carrier,C0000658
Catholic Health Services,C0000659
Oxford Instruments,C0000661
City of Vallejo,C0000662
St. Charles Hospital,C0000663
VWR International,C0000665
Novec,C0000666
Kinecor,C0000667
San Jose Mercury News,C0000668
Nike Canada,C0000669
City of Waterloo,C0000670
Nike Canada,C0000671
Nike Canada,C0000672
Southern Louisiana Newspapers,C0000673
York Newspapers Company,C0000674
Catholic Health Services,C0000675
Schaeffler Group USA Inc,C0000676
Linde,C0000677
Allied Tube,C0000678
Primus,C0000680
Nova Scotia Power,C0000681
Quarles Energy Services,C0000682
Quarles Energy Services,C0000683
Aquarion Village Water,C0000684
Centra Gas,C0000685
Town of Oakville,C0000686
City of Evanston,C0000687
City of Toronto,C0000688
Color Your World,C0000689
Recover Corp.,C0000690
Dakota Electric Association,C0000691
Taylor Made,C0000692
Linde,C0000694
Florida Public Utilities,C0000697
Mobile Area Water & Sewer System,C0000698
GlaxoSmithKline,C0000699
Source Medical,C0000701
Versant Power,C0000702
Prince,C0000703
Union Energy,C0000704
Recover Corp.,C0000705
Community First,C0000706
The Collection House,C0000709
Brunschwig & Fils,C0000710
Startec,C0000711
"Novartis Animal Health US, Inc.",C0000712
ARO,C0000713
Catholic Health Services,C0000714
Union Energy,C0000715
Union Energy,C0000716
Clay Electric Cooperative,C0000717
URB Town of Petrolia,C0000718
The New York Times,C0000719
New Market Hydro Tay Hydro,C0000720
Washington Suburban Sanitary Commission,C0000721
URB Village of Point Edward,C0000722
Town of Brooke - Alvinston,C0000723
Town of Warwick,C0000724
Community First Credit Union,C0000725
Crystal Rock,C0000726
The Press Democrat,C0000727
Charlotte Observer,C0000728
Boston Globe,C0000729
Telegram & Gazette,C0000730
Tallahassee Democrat,C0000731
Gainesville Sun,C0000732
Star Banner,C0000733
Veridian Energy,C0000734
Saint Paul Pioneer Press,C0000736
The Lakeland Ledger,C0000737
Gravenhurst Hydro,C0000738
Biloxi Sun Herald,C0000739
Miami Herald,C0000740
Berkshire Group,C0000741
Columbus Ledger-Enquirer,C0000742
Los Angeles Times,C0000743
Tuition Management Systems Inc.,C0000744
Tuition Management Systems Inc.,C0000745
City of San Jose,C0000746
City of San Jose,C0000747
Allstream,C0000748
Vistakon,C0000749
City of Riverside,C0000750
Automotive Refinishing Technologies,C0000751
Rochester Gas and Electric,C0000752
ETR407,C0000753
Union Energy,C0000755
Matrixx Networks Inc.,C0000756
Columbus Ledger-Enquirer,C0000757
Coca Cola,C0000758
Midcontinent Communications,C0000760
Johnson and Johnson,C0000762
Amer Sports Canada,C0000763
Credit Union West,C0000765
Credit Union West,C0000766
Lexington Herald,C0000767
Whitby Hydro Utility,C0000768
Times Union,C0000769
AP Biotech,C0000770
Innisfil,C0000771
Credit Union West,C0000772
The Washington Post,C0000773
DS Services,C0000775
DS Services,C0000776
"Freedom Communications Holdings, Inc.",C0000778
New York Daily News,C0000780
Tuition Management Systems Inc.,C0000781
Schering-Plough Canada,C0000782
Schering-Plough Canada,C0000783
RSC Equipment Rental,C0000784
Louisville Courier-Journal,C0000785
Tuition Management Systems Inc.,C0000786
Tuition Management Systems Inc.,C0000787
New York Daily News,C0000788
Sunrise Water Authority,C0000789
Mills College,C0000790
Tuition Management Systems Inc.,C0000791
Amer Winter Sports,C0000792
Canadian Springs,C0000793
Tuition Management Systems Inc.,C0000794
Winters Brothers Recycling Corp.,C0000795
Memphis Light Gas and Water,C0000796
CityFone,C0000797
Comfortex Window Fashions,C0000798
"Freedom Communications Holdings, Inc.",C0000799
"Freedom Communications Hildings, Inc.",C0000800
Canadian Springs,C0000801
Philadelphia Inquirer,C0000802
Exide Technologies,C0000803
Exide Technologies,C0000804
City of Burbank Water & Power,C0000805
City of Burbank Water & Power,C0000806
Cutwater Inc.,C0000807
San Jose Mercury News,C0000808
NAPUS FCU,C0000809
Quarles Energy Services,C0000810
Canadian Springs,C0000811
Canadian Springs,C0000812
Canadian Springs,C0000813
Canadian Springs,C0000814
Canadian Springs,C0000815
Canadian Springs,C0000816
Canadian Springs,C0000817
Canadian Springs,C0000818
Canadian Springs,C0000819
Canadian Springs,C0000820
Canadian Springs,C0000821
City of Burbank Water & Power,C0000822
City of San Diego,C0000823
City of Burbank Water & Power,C0000824
Austin American-Statesman,C0000825
Quarles Energy Services,C0000826
City of Sacramento,C0000827
Union Energy,C0000828
City of Sacramento,C0000830
Unitil,C0000831
Unitil,C0000832
Superior Wireless,C0000834
Town of Oakville,C0000835
"Sorin Group USA, Inc",C0000836
Navigata Communications,C0000837
Catholic Health Services,C0000838
Apria,C0000839
Lyreco Canada Inc.,C0000840
Carrier Canada,C0000842
Coca Cola,C0000843
Prince,C0000844
Lowell Sun Circulations,C0000845
The Atlanta Journal-Constitution,C0000846
The Day Publishing Company,C0000847
TD Canada Trust,C0000848
Dow Jones Local Media Group Inc.,C0000849
NCN,C0000850
Quarles Energy Services,C0000851
Coca Cola,C0000852
Norwich Bulletin,C0000853
CFM Majestic,C0000854
PCS Financials,C0000855
Coca Cola,C0000856
St. Margarita Water District,C0000857
"Novartis Animal Health US, Inc.",C0000858
"Novartis Animal Health US, Inc.",C0000859
Dundee Private,C0000860
Electric Insurance Company,C0000861
AP Biotech,C0000862
First Charge Acceptance Corporation,C0000864
Invitrogen,C0000865
Hunter Douglas,C0000866
Westbend,C0000867
NCN,C0000868
Auto Workers Credit Union,C0000870
AllianceOne Ltd - Nova,C0000871
NCN,C0000872
Journal News,C0000873
Erickson Retirement Communities,C0000874
IMC c/o C&S Delivery Systems,C0000875
Veridian Energy,C0000876
Columbus Ledger-Enquirer,C0000877
Myrtle Beach Sun News,C0000878
Lanxess,C0000879
San Francisco Chronicle,C0000880
Sumter Electric,C0000881
GE Precision Healthcare LLC,C0000882
Tuition Management Systems Inc.,C0000883
Saint Paul Pioneer Press,C0000884
IMC - Boston Globe,C0000885
AWCCU,C0000886
Sarasota Herald-Tribune,C0000888
TMS,C0000889
Ottawa Hydro,C0000890
Fort Worth Star Telegram,C0000891
City of Austin,C0000892
Orrville,C0000893
Contra Costa Times,C0000894
Wilmington Star,C0000895
Lexington Dispatch,C0000896
Spartanburg Herald-Journal,C0000897
Hendersonville Times-News,C0000898
Veridian Energy,C0000899
URB Parry Sound,C0000900
URB Chatham Kent Energy,C0000901
San Luis Obispo County,C0000902
UMS,C0000903
NYOC,C0000905
Tuition Management Systems Inc.,C0000906
IMC c/o C&S Delivery Systems,C0000907
St Paul Pioneer Press,C0000909
News and Observer,C0000910
Miami Herald,C0000911
The Barden Corporation,C0000912
Power Stream,C0000914
Saint Paul Pioneer Press,C0000915
The State,C0000916
NSS Plain Dealer,C0000917
Hillsdale Board of Public Utilities,C0000918
Lexington Herald,C0000919
TCH,C0000920
VWR International,C0000921
Saint Paul Pioneer Press,C0000922
NSS North Jersey,C0000923
Exide Technologies,C0000924
Power Stream,C0000925
NSS Express Times,C0000926
Exide Technologies,C0000927
TD Canada Trust,C0000928
Kansas City Star,C0000929
Unisource Energy Corporation,C0000930
The Courier,C0000931
Daily Comet,C0000932
Tuscaloosa News,C0000933
Gadsden Times,C0000934
Times Daily (Florence),C0000935
Miami Herald,C0000936
Startec U.S.,C0000937
NSS Post Standard,C0000938
NSS South Jersey Times,C0000939
NSS Grand Rapids,C0000940
The Times of Trenton,C0000941
ETR407,C0000942
WaterOne,C0000943
Miami Herald,C0000944
The Star-Ledger,C0000945
Apria,C0000946
Metro Water Services,C0000947
Philadelphia Inquirer,C0000948
NSS Valley Publication,C0000949
NSS Valley Publication,C0000950
Cedarville,C0000951
Payment Data Systems,C0000952
ABSU,C0000953
Tuition Management Systems Inc.,C0000954
TMS,C0000955
Tuition Management Systems Inc.,C0000956
Notre Dame University,C0000957
San Francisco Public Utilities,C0000958
California Water Service Company,C0000959
The State,C0000960
NSS Kalamazoo,C0000961
NSS Jackson Citizen,C0000962
NSS Muskegon,C0000963
NSS Flint,C0000964
NSS Ann Arbor,C0000965
BOC Canada,C0000966
Orillia,C0000968
Orlando Sentinel,C0000969
BOC Canada,C0000970
Matrixx Networks Inc.,C0000971
Waste Connections,C0000972
Liberty Mutual,C0000973
Johnston Equipment,C0000974
Lakeland Electric,C0000975
BlueWave,C0000976
TorStar Group,C0000977
Silicon Valley Bank,C0001426
City of Roseville,C0001427
MFXchange US:  Ranger TIG,C0001428
Milwaukee Journal Sentinel,C0001430
Reich & Tang Services,C0001432
City of San Jose,C0001433
Prudential Mutual Fund Services,C0001434
New Market Hydro,C0001435
Hydro Ottawa,C0001436
Avista Corporation,C0001438
ING Direct,C0001439
City of Fort Collins,C0001442
PrintCom Solutions-Susquehanna Township,C0001444
Manulife Securities,C0001447
Clayton Bank and Trust,C0001448
Kansas City Star,C0001450
Eaton Form - R&L Carriers,C0001452
"Novartis Animal Health US, Inc.",C0001453
Integrity - Health Research Insights (HR,C0001454
Surgis - Surgery Center of Scottsdale,C0001455
TRH Health Plans,C0001456
Mohela,C0001457
FIS,C0001458
Duke Energy,C0001459
Equitable Gas Company,C0001461
New Jersey Natural Gas,C0001462
CertainTeed Insulation,C0001463
Manulife Securities,C0001464
Enbridge,C0001465
Enbridge,C0001466
Hydro Ottawa,C0001467
Hydro Ottawa,C0001468
Hydro Ottawa,C0001469
Hydro Ottawa,C0001470
Hydro Ottawa,C0001471
Hydro Ottawa,C0001472
Hydro Ottawa,C0001473
MPG Condo Assoc. Inc.,C0001474
Enbridge,C0001475
Enbridge,C0001476
Cleveland Water,C0001477
Sigma Software Systems,C0001478
Allstream,C0001479
Open Text Inc,C0001480
Linde,C0001481
Bogota Savings Bank,C0001482
Danbury News Times,C0001484
Tuition Management Systems Inc.,C0001485
Tuition Management Systems Inc.,C0001486
Hydro Ottawa,C0001489
Oklahoma City Water Utilities Trust,C0001490
PageNet,C0001491
RMS,C0001492
Oklahoma City Water Utilities Trust,C0001493
Unitil,C0001496
Unitil,C0001497
Unitil,C0001498
Unitil,C0001499
Dallas Morning News,C0001500
Roanoke Gas Company,C0001501
Tuition Management Systems Inc.,C0001502
PageNet,C0001504
PageNet,C0001505
Arkansas Oklahoma Gas,C0001506
Dun and Bradstreet,C0001507
Innovative - Averitt Express,C0001508
Innovative - Averitt Express,C0001509
Innovative - Averitt Express,C0001510
Denhardt Solutions,C0001511
Jackson Energy Authority,C0001512
Jackson Energy Authority,C0001513
Level One - Vectren Source,C0001514
Level One - Vectren Source,C0001515
Outsourced Mailroom,C0001516
Premium Graphics - Kansas Bankruptcy,C0001518
ABS - Philanthropic Insurance Companies,C0001519
Premium Graphics - Raleigh Bankruptcy,C0001520
Source 4,C0001521
OPP Utilities Board,C0001522
Formost Graphics - Kenny Produce,C0001523
Acceptance Corporation,C0001524
Formost Graphics - Ritz/Wolf Camera,C0001525
AIM Investments,C0001526
American Century Investments,C0001527
Calvert,C0001528
"Direct Administration, Inc.",C0001529
Eagle Funds,C0001530
Ford Motor Credit Company,C0001531
Hanover Business Foms - Central Radiolog,C0001532
Willis of Tennessee,C0001533
Charles Schwab Company Inc.,C0001534
TD Bank,C0001535
Dead River Company,C0001537
Green Mountain Energy Co.,C0001539
VECTREN CORPORATION,C0001540
Vectren TEST,C0001541
Noble Trade,C0001543
Noble Trade,C0001544
Miami Herald,C0001545
City of Clarksville,C0001546
TD Bank,C0001550
Roanoke Gas Company,C0001553
Roanoke Gas Company,C0001554
Mobile Area Water & Sewer System,C0001555
Central Hudson Gas & Electric Corporatio,C0001556
ICS,C0001559
Electrolux,C0001560
RMS,C0001562
RMS,C0001563
Anchorage Water & Wastewater,C0001564
Tuition Management Systems Inc.,C0001565
The Columbus Dispatch,C0001566
Amerisource Bergen Specialty Group,C0001567
Amerisource Bergen Specialty Group,C0001568
Eaton Form - Adidas Group,C0001569
Tuition Management Systems Inc.,C0001570
Taylor Made,C0001571
City of San Jose,C0001572
Veridian Energy,C0001573
Advanced Disposal,C0001574
Land Metro,C0001575
Multiband,C0001576
Stream Energy,C0001577
Manulife Securities,C0001578
Tuition Management Systems Inc.,C0001579
Tuition Management Systems Inc.,C0001580
Bioreference,C0001581
Mobile Gas Service Corp,C0001583
Tuition Management Systems Inc.,C0001585
RMS,C0001586
RMS - Mitchell1,C0001587
Novartis Animal Health Canada,C0001588
Frankenmuth Mutual Insurance,C0001589
Tuition Management Systems Inc.,C0001590
Detroit Water,C0001591
The Commerce Insurance Group,C0001592
City of Richmond DPU,C0001594
Vertex Pinellas County,C0001595
Eastern Municipal Water District,C0001596
Kubra Data Test,C0001597
Eastern Municipal Water District,C0001598
RMS - Coventry Health Care,C0001599
Mutual Benefit Group,C0001601
Pepco Holdings Inc,C0001602
Tuition Management Systems Inc.,C0001603
Tuition Management Systems Inc.,C0001604
Dallas Morning News,C0001605
Tuition Management Systems Inc.,C0001606
New Market Hydro,C0001607
Tuition Management Systems Inc.,C0001608
Tuition Management Systems Inc.,C0001609
Tuition Management Systems Inc.,C0001610
Tuition Management Systems Inc.,C0001611
Tuition Management Systems Inc.,C0001612
Hampton Roads Sanitation District,C0001613
Quarles Energy Services,C0001615
Hydro One Brampton,C0001616
Source Medical,C0001617
Wolseley Inc Canada,C0001618
Vertex - Truckee Meadows,C0001619
Spire Missouri Inc,C0001620
RMS - Telvent,C0001621
Petro Oil,C0001622
RMS - Snap On,C0001623
Pepco Holdings Inc,C0001624
Pepco Holdings Inc,C0001625
Pepco Holdings Inc,C0001626
Pepco Holdings Inc,C0001627
Pepco Holdings Inc,C0001628
Pepco Holdings Inc,C0001629
Jackson National Life,C0001631
FortisBC,C0001632
Philadelphia Gas Works,C0001633
Philadelphia Gas Works,C0001634
Philadelphia Gas Works,C0001635
Philadelphia Gas Works,C0001636
Pepco Holdings Inc,C0001637
Pepco Holdings Inc,C0001638
Pepco Holdings Inc,C0001639
Progressive Waste Solutions,C0001640
Progressive Waste Solutions,C0001641
Progressive Waste Solutions,C0001642
Progressive Waste Solutions,C0001643
Progressive Waste Solutions,C0001644
Progressive Waste Solutions,C0001645
Progressive Waste Solutions,C0001646
Progressive Waste Solutions,C0001647
Progressive Waste Solutions,C0001648
Progressive Waste Solutions,C0001649
Progressive Waste Solutions,C0001650
Progressive Waste Solutions,C0001651
Progressive Waste Solutions,C0001652
Vertex Suez Think Energy,C0001653
NY Times Syndicate,C0001654
HealthPlan Services Coventry,C0001655
Pepco Holdings Inc,C0001656
Pepco Holdings Inc,C0001657
Pepco Holdings Inc,C0001658
Pepco Holdings Inc,C0001659
Pepco Holdings Inc,C0001660
Pepco Holdings Inc,C0001661
Vertex - EPCOR - American Water,C0001662
Connecticut Natural Gas,C0001663
Enbridge,C0001664
Enbridge,C0001665
Brantley Gas,C0001666
Enbridge,C0001667
Enbridge,C0001668
Enbridge,C0001669
The Berkshire Gas Company,C0001671
Vertex - First Choice Power,C0001672
Vertex DC Water,C0001673
Vertex - Puget Sound Energy,C0001674
CDS Global,C0001675
Pacific Gas and Electric,C0001677
Southern Connecticut Gas,C0001678
Southern Connecticut Gas,C0001680
Connecticut Natural Gas,C0001681
Connecticut Natural Gas,C0001682
HealthPlan Services Coventry,C0001684
Grand Bahama Power Company Limited,C0001685
Pepco Holdings Inc,C0001688
Vertex Equitable Gas Company,C0001689
Vertex Integrys,C0001690
Vertex DC Water,C0001691
Eugene Water Electric Board,C0001692
TRH Health Plans,C0001693
IMC c/o C&S Delivery Systems,C0001694
Vertex Sacramento Municipality Utility D,C0001696
Tuition Management Systems Inc.,C0001697
Tuition Management Systems Inc.,C0001698
United States Liability Insurance,C0001699
Hampton Roads Sanitation District,C0001700
Vertex Integrys,C0001701
Greater Cincinnati Water Works,C0001702
McCamish Systems,C0001703
URB Whitby Hydro,C0001704
Lakeland Electric,C0001705
Tuition Management Systems Inc.,C0001707
Duke Energy,C0001708
Greater Cincinnati Water Works,C0001709
TRH Health Plans,C0001710
City of Atlanta Watershed,C0001711
City of Atlanta Watershed,C0001712
Ohio National Financial Services,C0001714
"Citibank, NA",C0001716
Enbridge,C0001717
Florida Public Utilities,C0001719
Schering-Plough Canada,C0001721
Dakota Electric Association,C0001722
Canyon Lake Water Service Company,C0001723
ABC Corp Test,C0001725
FaithLife Insurance,C0001726
Allied Propane,C0001727
Bernville Quality Fuels,C0001728
City of Phoenix,C0001729
Proflame Gas,C0001730
RB Gas,C0001731
American Commerce Insurance Company,C0001732
Cort Business Services,C0001733
Manulife Securities,C0001734
Tuition Management Systems Inc.,C0001735
HealthPlan Services Florida Blue,C0001737
Unitil,C0001738
Eversource Energy,C0001740
RMS,C0001742
Regional Water Authority,C0001743
Washington Gas,C0001744
Puget Sound Energy Inc,C0001745
City of Seattle,C0001746
Shred-It,C0001747
Shred-It,C0001748
Shred-It,C0001749
Shred-It,C0001750
ATMOS Energy Corporation,C0001751
"Citibank, NA",C0001753
Open Text Inc,C0001756
Public Service Electric and Gas Company,C0001757
Tuition Management Systems Inc.,C0001759
Tuition Management Systems Inc.,C0001760
Tuition Management Systems Inc.,C0001761
Vertex Liberty and Edison,C0001762
Enbridge,C0001764
South Jersey Gas,C0001765
Tuition Management Systems Inc.,C0001767
Tuition Management Systems Inc.,C0001768
Tuition Management Systems Inc.,C0001769
Tuition Management Systems Inc.,C0001770
Tuition Management Systems Inc.,C0001771
HealthPlan Services G2E CIGNA,C0001777
HealthPlan Services G2E United Concordia,C0001778
HealthPlan Services G2E Coventry,C0001779
HealthPlan Services G2E BSC,C0001780
HealthPlan Services G2E Florida Blue,C0001781
Roy Brothers,C0001782
Pepco Holdings Inc,C0001783
Pepco Holdings Inc,C0001784
Pepco Holdings Inc,C0001785
Contra Costa County,C0001786
Otter Tail Power Company,C0001788
Vertex Liberty and Edison,C0001789
Indianapolis Power & Light Company,C0001790
Tuition Management Systems Inc.,C0001791
Cleveland NEORSD,C0001792
Tuition Management Systems Inc.,C0001793
The Jersey Journal,C0001794
"MedSynergies North Texas, Inc",C0001795
Eaton Form - R&L Carriers,C0001797
Advanced Disposal,C0001798
Tuition Management Systems Inc.,C0001799
Tuition Management Systems Inc.,C0001800
Vertex,C0001801
FaithLife Insurance,C0001804
Eaton Form - R&L Carriers,C0001805
FaithLife Insurance,C0001807
Aquarion water Company of Connecticut,C0001809
FourXFifteenEnergy,C0001810
FourXFifteenInsurance,C0001811
Ecogas Mexico S de RL de CV,C0001813
Rona Inc Dicks Lumber,C0001814
Advanced Disposal,C0001818
Contra Costa Airport,C0001819
Progressive Waste Solutions,C0001820
Advanced Disposal,C0001821
Arizona Public Service Company,C0001822
Nevada General Insurance Corporation,C0001823
City of Burnaby,C0001824
Lakeland Electric,C0001826
City of Seattle,C0001828
Ohio National New Business,C0001829
City of Seattle,C0001830
South Jersey Gas,C0001832
South Jersey Gas,C0001834
South Jersey Gas,C0001835
South Jersey Gas,C0001836
South Jersey Gas,C0001837
Lackawanna Casualty Company,C0001839
Progressive Waste Solutions,C0001840
Colorado Springs Utilities,C0001842
Orlando Utilities Commission,C0001848
FaithLife Insurance,C0001849
FaithLife Insurance,C0001850
Madison Gas and Electric Company,C0001852
Wyse Meter Solutions,C0001853
Shred-It,C0001854
Shred-It,C0001855
Dorchester County Water and Sewer Depart,C0001856
El Paso Electric Company,C0001857
Florida Public Utilities,C0001858
California Water Service Company,C0001859
Lakeland Electric,C0001860
Winters Bros. Waste Systems of Long Isla,C0001861
Crystal Rock,C0001862
Midcontinent Communications,C0001863
"Citibank, NA",C0001864
City of Seattle,C0001865
Monroe County Water Authority,C0001867
Country Financial Test,C0001869
Cox Graphic Services,C0001871
Cox Graphic Services,C0001872
Cox Graphic Services,C0001873
Cox Graphic Services,C0001874
Cox Graphic Services,C0001875
Cox Graphic Services,C0001876
Cox Graphic Services,C0001877
The Metropolitan District,C0001879
Middlesex Water Company,C0001880
Vertex - MSD,C0001881
City of Seattle QA,C0001882
California Water Service Company,C0001883
Vertex - City of Dayton,C0001884
Eaton Form - Abilene Reporter News Ad Bi,C0001885
Eaton Form - Carr Supply,C0001886
Hewlett-Packard Enterprise,C0001887
Toyota Financial Services QA (Citi),C0001888
Toyota Financial Services Training (Citi,C0001889
Sacramento Municipal Utility District,C0001891
Eaton Form - Palmer Donivan,C0001892
Eaton Form - Palmer Donivan,C0001893
"Citibank, NA",C0001894
Puget Sound Energy Inc,C0001895
"Citibank, NA",C0001896
City of Madison Treasurer,C0001897
"Premier Print & Services Group, Inc",C0001898
"Premier Print & Services Group, Inc",C0001899
NSS Star Gazette,C0001900
NSS Hunterdon Democrat,C0001901
"Premier Print & Services Group, Inc",C0001903
Liberty Utilities,C0002468
Liberty Utilities,C0002469
Liberty Utilities,C0002470
Liberty Utilities,C0002471
Vertex Gainesville Regional Utilities,C0002483
Corporation of the City of Kitchener,C0002484
Los Angeles Department of Water and Powe,C0002485
Alliant Energy Corp Srvcs Inc,C0002486
Alliant Energy Corp Srvcs Inc,C0002487
Enbridge Sustain,C0002488
City of Waterloo,C0002489
Alliant Energy Corp Srvcs Inc,C0002490
Alliant Energy Corp Srvcs Inc,C0002491
Alliant Energy Corp Srvcs Inc,C0002492
Alliant Energy Corp Srvcs Inc,C0002493
Philadelphia Gas Works,C0002498
Wyse Utilities,C0002499
Wyse Utilities,C0002500
NB Power,C0002501
PSEG Long Island LLC,C0002503
Liberty Utilities,C0002504
Liberty Utilities,C0002505
Liberty Utilities,C0002506
Carma Submetering Solutions LLC.,C0002507
Eversource Energy,C0002508
Pacific Gas and Electric UAT,C0002509
Neptune Technology Group,C0002510
Mobile Area Water & Sewer System,C0002514
Liberty Utilities,C0002526
Dakota Electrical Cooperative,C0002527
Lorain County Public Health,C0002532
Toronto Hydro,C0002533
Curi Management Company LLC,C0002534
Philadelphia Gas Works,C0002535
Wyse Utilities,C0002542
JEA,C0002543
JEA,C0002544
Liberty Utilities,C0002545
Liberty Utilities,C0002546
Liberty Utilities,C0002547
Liberty Utilities,C0002548
Liberty Utilities,c0002549
Waste Management (WM) - Canada,C0002551
Recology - San Bruno,C0002555
De Lage Landen Financial Services,C0002556
Duke Energy,C0002557
Toronto Hydro SIT,C0002558
Toronto Hydro UAT,C0002559
Toronto Hydro ORT,C0002560
Enercare,C0002563
Kubra Finance,C0002564
Dominion Energy North Carolina,C0002568
GridX Inc,C0002570
Duke Energy Corporation,C0002572
Dominion Energy Virginia,C0002574
Philadelphia Gas Works,C0002575
Dominion Energy North Carolina,C0002579
Dominion Energy South Carolina,C0002580
Waste Management (WM) - US,C0002581
PSEG Long Island LLC,C0002582
Duke Energy,C0002583
Gemini Legal Support Inc.,C0002584
Vertex BullHead,C0002585
JEA,C0002586
JEA,C0002587
JEA,c0002588
Dominion Energy Virginia,C0002589
Gemini Legal Support Inc.,C0002590
Portland General Electric (PGE),C0002591
Eversource Energy,C0002592
Gemini Legal Support Inc.,C0002593
Gemini Legal Support Inc.,C0002594
Corporation of the City of Kitchener,C0002595
VCA Equipments & Supplies LLC,C0002601
Recology - Davis,C0002615
JEA,C0002617
Enercare,C0002618
Dominion Energy Virginia,C0002619
Dominion Energy Virginia,C0002620
Dominion Energy Virginia,C0002621
The City of Ventura,C0002622
City of Denton,C0002623
City of Denton,C0002624
Casella Royal Carting,C0002625
Casella Welsh Sanitation,C0002626
Toronto Hydro,C0002627
City of Peterborough,C0002628
Colorado Springs Utilities (CSU) UAT,C0002634
Unitil,C0002635
Recology - Clackamas,C0002650
Eaton Form - R&L Carriers,C0002651
Battle River Power Coop,C0002653
Columbus Water and Power,C0002654
Columbus Water and Power,C0002655
Columbus Water and Power,C0002656
Philadelphia Inquirer,C0002657
Duke Energy,C0002658
City of Richmond DPU,C0002662
Eversource Energy,C0002663
City of Charlotte,C0002664
Philadelphia Inquirer,C0002665
Duke Energy,C0002666
JEA,C0002670
JEA,C0002671
Gemini Legal Support Inc.,C0002672
Gemini Legal Support Inc.,C0002674
Gemini Legal Support Inc.,C0002675
Gemini Legal Support Inc.,C0002676
Gemini Legal Support Inc.,C0002678
Gemini Legal Support Inc.,C0002679
Gemini Legal Support Inc.,C0002680
JEA,C0002681
JEA,C0002682
Alliant Energy Corp Srvcs Inc,C0002683
Alliant Energy Corp Srvcs Inc,C0002686
Union Energy,C0009999
"New York Times, City & Suburban",C0010006
The Seattle Times Co.,C0010010
The Baltimore Sun,C0010012
The Daily Press,C0010013
USA Today,C0010015
VWR International,C0010025
VWR International,C0010026
Vertex - City of Austin,C0010032
Vertex - MSD,C0010033
Vertex - SMUD,C0010034
bodyshopmall.com,C0010035
Boston Globe,C0010036
Bucks County Water and Sewar,C0010037
California Water Service Company,C0010038
Central Maine Power Company,C0010039
Chittenden Corporation,C0010040
Chittenden Corporation,C0010041
City of Evanston,C0010044
City of Riverside,C0010045
City of Sacramento,C0010046
City of San Diego,C0010047
City of San Jose,C0010048
Clay Electric Cooperative,C0010049
Connecticut Natural Gas,C0010050
CC Services Inc,C0010051
Credit Union West,C0010052
Crystal Rock,C0010053
Dakota Electric Association,C0010055
Electric Insurance Company,C0010056
Florida Public Utilities,C0010058
Florida Public Utilities,C0010059
Gerber Life Insurance,C0010060
Global Healthcare Exchange,C0010061
Los Angeles Times,C0010062
Lakeland Electric,C0010063
Liberty Mutual,C0010064
Liberty Life Assurance Company of Boston,C0010065
"World Media Enterprises, Inc",C0010066
Memphis Light Gas and Water,C0010067
Midcontinent Communications,C0010068
Mobile Area Water & Sewer System,C0010069
Mohela,C0010070
The New York Times,C0010071
Recology - Auburn Placer,C0010072
Recology - Butte County Inc.,C0010073
Recology - Del Norte,C0010074
Recology - Dixon Sanitary,C0010075
Recology - Eureka,C0010076
Recology - Golden Gate Disposal,C0010077
Recology - South Bay,C0010078
Recology - South Valley,C0010080
Recology - Silicon Valley,C0010081
Recology - Sunset Scavenger Company,C0010082
Recology - Vacaville,C0010083
Recology - Vallejo Garbage Service,C0010084
Recology - Yuba-Sutter,C0010085
Northern Virginia Electric Co,C0010086
New York State Electric and Gas,C0010087
The New York Times,C0010089
Orlando Sentinel,C0010090
Dow Jones Local Media Group Inc.,C0010091
Protection One,C0010092
Rappahannock Electric Cooperative,C0010093
The Chicago Tribune,C0010094
Rochester Electric & Gas,C0010095
San Francisco Chronicle,C0010096
San Jose Water,C0010097
San Francisco Public Utilities,C0010099
San Jose Mercury News,C0010100
Southern Connecticut Gas,C0010101
Sumter Electric Cooperative,C0010102
The Chicago Tribune,C0010103
Unisource Energy Corporation,C0010106
Kemper Auto and Home,C0010107
AmTrust Financial,C0010108
Waste Connections,C0010110
Westbend,C0010111
Washington Suburban Sanitary Commission,C0010112
Roanoke Gas Company,C0010113
Casella Waste,C0010114
LGA,C0010115
San Antonio Express-News,C0010116
"Kubra Tennessee, LLC",C0010117
National Grid,C0010118
Negasco,C0010119
Recology,C0010120
Systems & Software Inc.,c0010124
"windstream Communication, Inc.",C0010128
UGI Utilities,C0010130
Linde,C0010131
Lime Rock Park,C0010133
Payment Data System,C0010134
Linde,C0010137
Exide Technologies,C0010138
Hunter Douglas,C0010139
Comfortex Window Fashions,C0010140
MWI Veterinary Supply Co,C0010141
Taylor Made,C0010142
Tuition Management Systems Inc.,C0010143
Tuition Management Systems Inc.,C0010144
Tuition Management Systems Inc.,C0010145
Tuition Management Systems Inc.,C0010146
Tuition Management Systems Inc.,C0010147
Tuition Management Systems Inc.,C0010148
Tuition Management Systems Inc.,C0010149
Tuition Management Systems Inc.,C0010150
Tuition Management Systems Inc.,C0010151
Tuition Management Systems Inc.,C0010152
Tuition Management Systems Inc.,C0010153
Tuition Management Systems Inc.,C0010154
Tuition Management Systems Inc.,C0010155
VWR International,C0010157
Danbury News Times,C0010158
City of Burbank Water & Power,C0010159
Tuition Management Systems Inc.,C0010160
Tuition Management Systems Inc.,C0010161
Tuition Management Systems Inc.,C0010162
Tuition Management Systems Inc.,C0010163
Lexington Herald,C0010164
"Novartis Animal Health US, Inc.",C0010165
Tuition Management Systems Inc.,C0010166
Tuition Management Systems Inc.,C0010167
The Chicago Tribune,C0010168
Vertex Pinellas County,C0010169
Vertex Pinellas County,C0010170
AGIA INSURANCE SERVICES,C0010171
AMERICO RETIREMENT,C0010172
AGIA INSURANCE SERVICES,C0010173
AIB,C0010174
AMERICO LIFE INC.,C0010175
City of Atlanta Watershed,C0010176
Atmos Energy Corporation,C0010177
CITY OF BLOOMINGTON,C0010178
BUILDERS INSURANCE GROUP,C0010179
CAPGEMINI ENERGY L.P.,C0010180
CAPGEMINI ENERGY L.P.,C0010181
CATALYST ENERGY,C0010182
CHUBB & SON (asp),C0010183
Cleco Power LLC,C0010184
Cleco Power LLC,C0010185
CNA Business Continuity and Disaster Rec,C0010186
COBB - EMC,C0010187
COMMERCE ENERGY,C0010188
DALTON UTILITIES,C0010189
Vertex - Truckee Meadows,C0010190
FIS,C0010191
Crum & Foster,C0010192
Crum & Foster,C0010193
Crum & Foster,C0010194
CITY OF GARDEN CITY,C0010195
GREAT SOUTHERN LIFE INS CO,C0010196
HALL SETTLEMENT SYSTEMS,C0010197
HARRIS BANK,C0010198
HARRIS TRUST,C0010199
HEALTHPLAN SERVICES,C0010200
HEALTHPLAN SERVICES,C0010201
HSBC TECHNOLOGY & SERVICES,C0010202
THE INSURANCE HOUSE,C0010203
MANULIFE AKA JOHN HANCOCK,C0010204
"MedSynergies North Texas, Inc",C0010205
Computershare Shareowner Services LLC,C0010206
CVS Caremark,C0010207
MIDWEST ENERGY,C0010208
MX ENERGY,C0010209
Eversource Energy,C0010210
OCWA,C0010211
ORANGE AND ROCKLAND UTILITIES,C0010212
Philadelphia Gas Works,C0010213
"REALPAGE, INC",C0010214
CITY OF ROSEVILLE-(PROCESSING),C0010215
SHREWSBURYS ELECTRIC LIGHT,C0010216
SILICON VALLEY BANK,C0010217
"STREAM GAS & ELECTRIC, LTD",C0010218
UNIVERSAL UNDERWRITERS,C0010219
VECTREN CORPORATION,C0010220
VERMONT GAS,C0010221
"VIASTAR ENERGY, INC.",C0010222
ZURICH HOLDING COMPANY,C0010223
Tuition Management Systems Inc.,C0010224
"Global Gaming LSP, LLC",C0010225
Antares Management Solutions,C0010226
Antares Management Solutions,C0010227
Antares Management Solutions,C0010228
Concentrix,C0010229
Anthem Blue Cross Blue Shield,C0010230
Anthem Blue Cross Blue Shield,C0010231
Anthem Blue Cross Blue Shield,C0010232
Anthem Blue Cross Blue Shield,C0010233
Avmed Health Plans,C0010234
United Medical Resources,C0010235
Health Care Services Corp,C0010236
Empire Blue Cross Blue Shield,C0010237
C D C Publishing Llc,C0010238
"American Enterprise Group, Inc",C0010239
Cigna Healthcare,C0010240
Viant Payment Systems,C0010241
Employers Direct Health Inc,C0010242
Fallon Community Health Plan,C0010243
Group & Pension Admin,C0010244
Grow Network,C0010245
UMR,C0010246
"Healthspan, Inc.",C0010247
HIP Health Plan of New York,c0010248
Horizon BCBSNJ,C0010249
"MagnaCare, Inc.",C0010250
Mountain States Admin Serv,C0010251
N G S American Inc.,C0010252
North American Administrators,C0010253
The Principal Financial Group,C0010254
Union Labor Life Insurance,C0010255
Wellpoint Blue Cross Of Ca,C0010256
Medical Mutual Of Ohio,C0010257
Antares Management Solutions,C0010258
"Coresource, Inc",C0010259
Harvard Pilgrim Health Care,C0010260
Honolulu Board Of Water Supply,C0010261
Innerworkings,C0010262
AON Affinity Insurance Services - JLT,C0010263
M-Care,C0010264
"Metalrite, Inc.",C0010265
Multiplan,C0010266
Mutual Assurance Administrator,C0010267
Private Healthcare Systems/MultiPlan,C0010268
South Benefit Admin Inc.,C0010269
Tower Life Insurance Co,C0010270
Tufts Health Plans,C0010271
Group Resources INC,C0010272
Pacificare Healthcare Systems,C0010273
Tuition Management Systems Inc.,C0010277
AGIA INSURANCE SERVICES,C0010279
Gas South,C0010280
FIS,C0010281
The Republic Group,C0010282
HEALTHPLAN SERVICES,C0010283
United Medical Resources,C0010285
HEALTHPLAN SERVICES,C0010286
HEALTHPLAN SERVICES,C0010287
HEALTHPLAN SERVICES,C0010288
HEALTHPLAN SERVICES,C0010289
HEALTHPLAN SERVICES,C0010290
Smith Administrators,C0010291
Employers Direct Health Inc,C0010292
AMERIPRISE BANKING,C0010293
Crum & Foster,C0010294
FIS,C0010295
FIS,C0010296
FIS,C0010297
FIS,C0010298
FIS,C0010299
FIS,C0010300
FIS,C0010301
FIS,C0010302
DALTON UTILITIES,C0010303
HSBC TECHNOLOGY & SERVICES,C0010304
MANULIFE AKA JOHN HANCOCK,C0010305
MANULIFE AKA JOHN HANCOCK,C0010306
MANULIFE AKA JOHN HANCOCK,C0010307
MANULIFE AKA JOHN HANCOCK,C0010308
MANULIFE AKA JOHN HANCOCK,C0010309
MANULIFE AKA JOHN HANCOCK,C0010310
MANULIFE AKA JOHN HANCOCK,C0010311
MANULIFE AKA JOHN HANCOCK,C0010312
MANULIFE AKA JOHN HANCOCK,C0010313
MANULIFE AKA JOHN HANCOCK,C0010314
Computershare Shareowner Services LLC,C0010315
Gas South,C0010316
COBB - EMC,C0010317
CAPGEMINI ENERGY L.P.,C0010318
CAPGEMINI ENERGY L.P.,C0010319
Crum & Foster,C0010320
"MFXCHANG  US, INC.",C0010321
The United Iluminating Company,C0010323
CAPGEMINI ENERGY L.P.,C0010324
Amplify Education Inc.,C0010325
HealthFirst TPA,C0010326
Osterman Propane,C0010327
MANULIFE AKA JOHN HANCOCK,C0010328
Tuition Management Systems Inc.,C0010329
Public Service Company of New Mexico,c0070091
Hydro Ottawa Limited,C0070092
Toronto Hydro,C0070093
"Pedernales Electric Cooprative, Inc.",C0070094
San Diego Gas & Electric,C0070095
Dominion Energy South Carolina,C0070096
Park Water Company,C0080000
Pagosa Area Water & Sanitation District,C0080001
Lake Arrowhead CSD,C0080002
City of Pompano Beach,C0080003
Zenner USA,C0080004
"Pace Water System, Inc",C0080005
City of Simi Valley,C0080006
City of Bozeman,C0080007
City of Hewitt,C0080008
City of Novi,c0080009
Mueller CO LLC.,C0080010
"Ferguson Enterprises, LLC",C0080011
City of Folsom,C0080012
City of Redwood City,C0080013
Ferguson Enterprises LLC,C0080014
Town of Stanley,C0080015
City of Punta Gorda,C0080016
Village of Willowbrook,C0080017
Crooked River Ranch Water Co,C0080018
Dare County,C0080019
Paradise Irrigation District,C0080020
Indio Water Authority,C0080021
Aqua-Metric Sales. Co,C0080022
Fortiline Inc,C0080023
City of Suffolk Department of Public Uti,C0090001
Peninsula Energy Services Company,C0090002
City of Stockton,C0090003
Tampa Electric Company,C0090004
Nordic Skiing Association of Anchorage,C0090005
Court & Detention Services City of Dalla,C0090006
Dallas Water Utilities,C0090007
Duquesne Light Company,C0090008
SECO Energy,C0090009
Contra Costa County,C0090010
Philadelphia Gas Works,C0090011
City of Tempe,C0090012
City of Tempe,C0090013
City of Seattle,C0090015
Idaho Power Company,C0090016
FileLocal,C0090017
San Antonio Water System,C0090018
Avangrid,C0090021
Prepaid Wireless Wholesale,C0090022
Hearst Autos,C0090023
Philadelphia Gas Works,C0090024
San Jose Water,C0090025
AR Negative balances - NJ,C0090027
AR Negative balances - DAL,C0090028
AR Negative balances - CALI,C0090029
AR Negative balances - ARIZONA,C0090030
EPB of Chattanooga,C0090031
"Citibank, NA",C0090032
City of Scottsdale,C0090033
Xcel Energy,c0090034
TransCore LP,C0090035
Special Olympics Alaska,C0090036
Consumers Energy,C0090037
Anchorage Library Foundation,C0090038
Stamford Water Pollution Control Authori,C0090039
BELL IMAGING INC,C0090040
FirstEnergy Service Company,C0090041
RCC Global LLC,C0090043
Giving Machine,C0090044
Southern Connecticut Gas,C0099999
American Solutions for Business,C0500001
PRODUCTIVE FINANCE,C0500002
STREATOR COMMUNITY CREDIT UNION,C0500003
Sprekelmeyer Printing,C0500004
"Powers Solutions, Inc.",C0500005
Safeguard Print & Promo,C0500006
Texprint,C0500007
The Printing Place,C0500008
Terra Association Management,C0500009
Kingdom Auto Center,C0500010
THE OLPE STATE BANK,C0500011
Pro Forms,C0500012
CORPORATE PRINT SOURCE,C0500013
"Duncan Printing Co. Inc.,",C0500014
MINNESOTA PRINT MANAGEMENT,C0500015
PIONEER COMMUNITY FCU,C0500016
BAPTIST HEALTH FEDERAL C.U.,C0500017
LONG BEACH FIREMENS'S  CU,C0500018
ARKANSAS EMPLOYEES FCU,C0500019
MIL-WAY FEDERAL CREDIT UNION,C0500020
BME FEDERAL CREDIT UNION,C0500021
BNA FEDERAL CREDIT UNION,C0500022
GULF POWER CREDIT UNION,C0500023
ESB EMPLOYEES FEDERAL CU,C0500024
"WORKMEN'S CIRCLE C.U., INC.",C0500025
ALOHA AIRLINES FCU,C0500026
HAWAII NATIONAL GUARD FCU,C0500027
ABRI  CREDIT UNION,C0500028
BELL WEST COMMUNITY C.U.,C0500029
FAMILIES FEDERAL CU,C0500030
IAA CREDIT UNION,C0500031
PROFESSIONAL POLICE OFFICERS CU,C0500032
MEMBERS CHOICE FCU,C0500033
DIAMOND VALLEY FEDERAL C.U.,C0500034
CENTRAL HUDSON EMPLOYEES FCU,C0500035
PUBLIC EMPLOYEES CREDIT UNION,C0500036
RURAL COOPERATIVES CU,C0500037
ALEXANDRIA T-P FCU,C0500038
CENTRIC FEDERAL CREDIT UNION,C0500039
3RD DISTRICT HIGHWAY FCU,C0500040
WYMAR FEDERAL CREDIT UNION,C0500041
MAINE STATE CREDIT UNION,C0500042
ALLCOM CREDIT UNION,C0500043
SHREWSBURY FEDERAL CREDIT UNION,C0500044
LANDMARK CREDIT UNION,C0500045
MICHIGAN ONE COMMUNITY C.U.,C0500046
MARQUETTE COMMUNITY FCU,C0500047
PIPEFITTERS STEAMFITTERS CU,C0500048
MIDWEST CREDIT UNION,C0500049
MISSOURI CREDIT UNION,C0500050
OUR LADY OF SNOWS CREDIT UNION,C0500051
ST. AUGUSTINE CU,C0500052
AMERITAS LIFE,C0500053
CIRCOLO CAMPOBELLO DI LICATA FCU,C0500054
NYM FEDERAL CREDIT UNION,C0500055
PLATTSBURGH CITY SCHOOL DISTRICT FCU,C0500056
ROCKLAND EMPLOYEES FCU,C0500057
ST. JOHN'S BUFFALO F.C.U.,C0500058
TOWN OF HEMPSTEAD EMPLOYEES FCU,C0500059
AFFINITY FEDERAL CREDIT UNION,C0500060
"FIRST ENERGY FAMILY C.U., INC.",C0500061
TELECOMMUNITY CREDIT UNION,C0500062
MED/PRO FEDERAL CU,C0500063
PACO FEDERAL CREDIT UNION,C0500064
BAY AREA CREDIT UNION,C0500065
HD YORK FCU,C0500066
LOCAL 229 IBEW FCU,C0500067
NEW CUMBERLAND FCU,C0500068
UTILITIES EMPLOYEES C.U.,C0500069
JOHNSONVILLE TVA EMPLOYEES C.U.,C0500070
COBURN CREDIT UNION,C0500071
SERVICE 1ST CREDIT UNION,C0500072
TOLEDO BEND TEACHERS C.U.,C0500073
GRANITE HILLS,C0500074
MOUNTAIN EMPIRE FCU,C0500075
WYO CENTRAL FCU,C0500076
JOHNS HOPKINS FCU,C0500077
DOMINO FEDERAL CU,C0500078
PRESTON FEDERAL CREDIT UNION,C0500079
"FIRST CONNECTICUT CREDIT UNION, INC",C0500080
SOUNDVIEW FEDERAL C.U.,C0500081
LION'S SHARE FEDERAL CREDIT UNION,C0500082
FUNERAL SERVICE CREDIT UNION,C0500083
HMONG AMERICAN FEDERAL C.U.,C0500084
USA ONE NATIONAL CREDIT UNION,C0500085
"TK Direct, Inc",C0500086
LANDMARK CREDIT UNION,C0500087
Horizon Federal Credit Union,C0500088
GREATER SALEM EMPLOYEES,C0500089
InFlowTech,c1000001
OSM Worldwide,C1000002
Freedom Bank of America,c1000003
Colonial Virginia Bank,C1000004
China Sea Development Corp,C1000005
Charlotte Center City Partners.,C1000006
ORANGE AND ROCKLAND UTILITIES,C1110212
"St. Mary's Orthodox Valiyapally, Dallas",CUS00606
,CUS00782
,CUS00806
New York Regional Group,C0010331
Nippon,C0010332
MANULIFE AKA JOHN HANCOCK,C0010333
MANULIFE AKA JOHN HANCOCK,C0010334
MANULIFE AKA JOHN HANCOCK,C0010335
MANULIFE AKA JOHN HANCOCK,C0010336
Unitil,C0010337
Harrington Health,C0010338
Central Hudson Gas & Electric Corporatio,C0010339
ACCENTURE LLP - US SUPPLIERS,C0010340
ACCENTURE LLP - US SUPPLIERS,C0010341
ACCENTURE LLP - US SUPPLIERS,C0010342
Antares Management Solutions,C0010343
New Jersey Natural Gas,C0010344
Avista Corporation,C0010345
Public Library of Charlotte & Mecklenbur,C0010346
The Alaska Zoo,C0010347
Tuition Management Systems Inc.,C0010348
Tuition Management Systems Inc.,C0010349
Tuition Management Systems Inc.,C0010350
Duke Energy,C0010351
Dun and Bradstreet,C0010353
Columbia Insurance Group,C0010354
Premium Graphics - Detroit Bankruptcy,C0010355
Premium Graphics - Baton RougeBankruptcy,C0010356
The Popcorn Factory,C0010357
Universal Lighting,C0010358
Metlife Fidelity,C0010359
BNB-GEMC,C0010360
"Nissan North America, Inc.",C0010361
Staples Print Solutions,C0010362
Seek First Communications LLC-IASIS,C0010363
United Methodist Publishing,C0010364
Formost-NPMHU,C0010365
Southern Benefits,C0010366
RMSA,C0010367
Emerson - City of Nicholasville,C0010368
Source 4 - Charleston Area FCU,C0010369
First State Bank of the South,C0010370
First National Bank of Hooker,C0010371
FirstState Bank,C0010372
Headwaters Financial Corp.,C0010373
Merchants & Farmers Bank,C0010374
"First Choice Community Bank, 1874",C0010375
Tennessee Employees Credit Union,C0010376
"Tech Auto Sales, Inc",C0010377
"Cutter's Auto Sales, Inc.",C0010378
Two River Community Bank,C0010379
Allen Printing Company,C0010380
BMI,C0010381
"Healthcare Management Systems, Inc",C0010382
Somerville Dental Associates,C0010383
Tennessee Farmers Co-op,C0010384
Innovative Business Products,C0010385
Make A Wish Foundation,C0010386
MHealth,C0010387
Star Alaska,C0010388
ARC Federal Credit Union,C0010389
Camp Sycamore Creek,C0010390
Helena Chemical Company,C0010391
Partners 1st Federal Credit Union,C0010392
Frankenmuth Mutual Insurance,C0010393
Public Library of Charlotte & Mecklenbur,C0010394
"DataMarketing Network, Inc",C0010395
F&M Bank & Trust Company,C0010396
Green Mountain Energy Co.,C0010397
Starpath Orthopaedics,C0010398
Vanderbilt University Mail Services,C0010399
Brigatine Beach,C0010400
NuVysta Printing & Promotionals,C0010401
Southeast Financial Credit Union,C0010402
Beans Café,C0010403
Newberg,C0010404
WorkflowOne,C0010405
North Travis Ambulatory Surgery Center,C0010406
Anchorage Folk Festival,C0010407
Farm Credit Bank of Texas,C0010408
Farm Credit Bank of Texas,C0010409
Farm Credit Bank of Texas,C0010410
Farm Credit Bank of Texas,C0010411
Farm Credit Bank of Texas,C0010412
Farm Credit Bank of Texas,C0010413
Farm Credit Bank of Texas,C0010414
Farm Credit Bank of Texas,C0010415
Farm Credit Bank of Texas,C0010416
Farm Credit Bank of Texas,C0010417
PrintCom Solutions,C0010418
Farm Credit Bank of Texas,C0010419
Farm Credit Bank of Texas,C0010420
Farm Credit Bank of Texas,C0010421
Recology - Ashland Sanitary Service Inc,C0010422
High Cotton,C0010423
"IPP of America, Inc",C0010424
STAR - Standing Together Against Rape,C0010425
Oiled regions of Alaska Foundation,C0010426
ICS,C0010427
Friends of Pets,C0010428
Farm Credit Bank of Texas,C0010429
Farm Credit Bank of Texas,C0010430
Eagle One Federal Credit Union,C0010431
Get Fit Anytime,C0010432
US Bio Services,C0010433
Alcoa Pittsburgh FCU,C0010434
Fairless Credit Union,C0010435
Recology of the Coast,C0010436
Adopt A Book Foundation,C0010437
Koniag Education Foundation,C0010438
"MPG Condo Assoc., Inc",C0010439
"US Imprints, LLC",C0010440
Eaton Form - Adidas Group,C0010441
Cook Inlet Tribal Council,C0010442
Charles Schwab Company Inc.,C0010443
"Kalos, Inc",C0010444
The State Bank and Trust Company,C0010445
ARC Federal Credit Union,C0010446
Gabriel & Co,C0010447
Landauer Metropolitan,C0010448
Norfolk and Dedham,C0010449
City of Charlotte,C0010450
MFX ProSight,C0010451
The Commerce Insurance Group,C0010452
Farm Credit Bank of Texas,C0010454
BCI Financial Corporation,C0010455
AETNA,C0010456
"The Active Network, LLC",C0010457
"Beach List Direct, Inc",C0010458
Truckee Meadows Water Authority,C0010459
Bioreference,C0010460
Integrated Maketing Media,C0010461
Selkin Laser Center,C0010462
"Direct Marketing Group International, In",C0010463
Xenith Bank,C0010464
RMS,C0010465
RMS,C0010466
Tuition Management Systems Inc.,C0010467
New Orleans Employers - ILA,C0010468
Mayor Dan Sullivan's Office,C0010469
American Express,C0010470
"Franke Foodservice Systems, Inc",C0010471
Advanced Box & Packaging Solutions,C0010472
Tuition Management Systems Inc.,C0010473
TRH Health Plans,C0010474
Recology - San Mateo County,C0010475
"Consolidated Electrical Distributors, In",C0010476
SRC Solutions LLC,C0010477
Anthem Blue Cross Blue Shield,C0010478
"CEM Business Forms, Inc",C0010479
Horizon Bank,C0010480
Vintage,C0010481
Gold Form and Label Co,C0010482
Korean Catholic Federal Credit Union,C0010483
"Newcourse Communications, Inc",C0010484
NFIB,C0010485
Black Hills Energy,C0010486
Black Hills Power,C0010487
Cheyenne Light,C0010488
Ibis Communications,C0010489
Farm Credit Bank of Texas,C0010490
Mutual Savings Credit Union,C0010491
American National Finance,C0010492
Phoenix-Hecht,C0010493
First Security Bank,C0010494
Tuition Management Systems Inc.,C0010495
Tuition Management Systems Inc.,C0010496
Tuition Management Systems Inc.,C0010497
Jackson National Life,C0010498
Eastern Municipal Water District,C0010500
City of San Jose,C0010501
Tuition Management Systems Inc.,C0010502
Tuition Management Systems Inc.,C0010503
Tuition Management Systems Inc.,C0010504
Tuition Management Systems Inc.,C0010505
Tuition Management Systems Inc.,C0010506
Tuition Management Systems Inc.,C0010507
The Sea Ranch Association,C0010509
Trend Business Solutions,C0010510
PECONIC TELBOOK,C0010511
Safeguard,C0010512
"Berry's Chapel Utility, Inc.",C0010513
Safe Harbor Inn,C0010515
AFS Technologies,C0010516
RTO National,C0010517
Horizon Federal Credit Union,C0010518
Sensible Technologies,C0010519
Charlestown Community Inc,C0010520
Farm Credit Bank of Texas,C0010521
BEI,C0010522
Alfa Vision Insurance Corporation,C0010523
Main Street Direct,C0010524
The Farmers National Bank of Emlenton,C0010525
Bogota Savings Bank,C0010526
Rumson-Fair Haven Bank & Trust,C0010527
"Premier Print & Services Group, Inc",C0010528
Specialties & Paper Products H & W,C0010529
The Retirement Plan Company,C0010530
LifeWay Christian Resources,C0010531
PROforma Print Solutions,C0010532
Safeguard #500075,C0010533
The Alaska Humane Society,C0010534
Vertex - Think Energy,C0010535
RMS - Snap On,C0010536
New Mexico Water Service Company,C0010537
Vertex - EPCOR - American Water,C0010538
Chromalox,C0010539
"Citibank, NA",C0010540
First Farmers & Merchants Bank,C0010541
McCamish Systems,C0010542
The New York Times,C0010543
The New York Times,C0010544
Anchorage Water & Wastewater,C0010545
Chugach Electric,C0010546
Anchorage Waterways Council,C0010547
Liberty Utilities,C0010548
Eugene Water & Electric Board,C0010549
United States Liability Insurance,C0010550
SITECH Tri-Rivers LLC,C0010551
NY Times Digest,C0010552
Greater Cincinnati Water Works,C0010553
Ohio National Financial Services,C0010554
Alaska Men’s Run,C0010555
Children's Lunchbox,C0010556
Echo Media,C0010557
MAGNETIC TICKET & LABEL,C0010559
HEALTHPLAN SERVICES,C0010560
Pinnacle Financial Partners,C0010561
"Southwestern Great American, Inc.",C0010562
City of Phoenix,C0010563
ACCENTURE LLP - US SUPPLIERS,C0010564
Duke Energy,C0010565
Alaska Children's Trust,C0010566
Seattle City Light-Seattle Public Utili,C0010567
"ASH Automated Packaging Systems, Inc",C0010568
Vertex - Liberty and Edison Water,C0010569
CIC Mortgage Credit,C0010571
Progress Energy Service Company,C0010572
City of Seattle,C0010573
City of Seattle,C0010574
City of Seattle,C0010575
South Jersey Gas,C0010576
Ally Bank,C0010577
Fellowship in Serving Humanity,c0010578
West Asset Management,C0010580
The Jersey Journal,C0010581
City of Durham,C0010583
City of Seattle,C0010584
City of Seattle,C0010585
Contra Costa County,C0010586
City of Seattle,C0010587
Indianapolis Power & Light Company,C0010588
SMS Marketing,C0010589
Neveda General Isnurance Corporation,c0010590
Alaska Shriners,C0010592
Recology Western Oregon,C0010593
City of Seattle,C0010594
Sacramento Municipal Utility District,C0010595
Vertex Business Services,C0010596
BESSE,C0010597
OSC,C0010598
IGGAMERICA,C0010599
Harland Clarke Retail Channels Division,C0010600
El Paso Electric Company,C0010601
Primerica Life Insurance Company,C0010602
Tennessee Orthopaedic Alliance,C0010603
Rural Alaska Community Action Program,c0010604
Middlesex Water Company,C0010605
Vertex - City of Dayton,C0010606
Catholic Social Services,C0010607
Newport News Waterworks,C0010608
Loudon County Sanitation Authorithy,C0010609
Colorado Springs Utilities,C0010610
SWP LLC,C0010611
Google Inc,C0010612
The Anchorage Police Department,C0010613
Ironshore Service Inc,C0010614
Alaska Aviation Museum,C0010615
"CityBase, LLC",C0010616
JEA,C0010617
Volunteers of America Alaska,C0010618
Chesapeake Bay Foundation,C0010619
City of Seattle,C0010620
City of Seattle,C0010621
JC Penney,C0010750
Arkansas Oklahoma Gas,C0020006
,c002007
Meierhoffer Funeral Home & Crematory,C0050087
UNITED CAPITAL SERVICES CORP,C0050088
BETHANY RENTAL & SALES USED CARS,C0050089
ICB Purchasing Exchange,C0050090
TJB BUILDING LEASING LLC.,C0050091
THE SCOTTDALE BANK & TRUST,C0050092
SafeGuard,C0050093
"Cooley Group, Inc.",C0050094
"M&S PrintMedia, Inc.",C0050095
Just The Right Stuff,C0050096
Peregrine Corp,C0050097
Specialized Property Management Corp.,C0050098
American Solutions for Business,C0050099
"DBF, Inc",C0050100
"Memorial Services of Iowa, Inc.",C0050101
JESSOP COMMUNITY FCU,C0050102
SOUTH BERGEN FEDERAL CREDIT UNION,C0050103
Aclara,C0070000
Alabama Power,C0070001
Union Electric Co. DBA Ameren,C0070002
American Electric Power,C0070003
Austin Energy,C0070004
Avista Corporation,C0070005
Avista Corporation,C0070006
BC Hydro,C0070007
BGE,C0070008
Boone Electric Cooperative,C0070009
Central Hudson,C0070010
Citizens Energy Group,C0070011
Cleco Power LLC,C0070012
Colorado Springs Utilities,C0070013
ComEd,C0070014
ComEd,C0070015
ConEd,C0070016
Consumers Energy,C0070017
Consumers Energy,C0070018
Consumers Energy,C0070019
CoServ Electric,C0070020
Cox Communications,C0070021
Diakinotiki,C0070022
Dominion Virginia Power-OJRP,c0070023
Duke Energy,C0070024
Entergy,C0070025
Eversource Energy Service Co,C0070026
FirstEnergy Service Company,C0070027
FirstEnergy Service Company,C0070028
Georgia Power Company,C0070029
Green Mountain Power Corp.,C0070030
Gulf Power Company,C0070031
Hydro One Inc,C0070032
JEA,C0070033
Jo-Carroll Energy,C0070034
KCP&L,C0070035
Kenergy Corp,C0070036
LG&E and KU Services Company,C0070037
Minnesota Power,C0070038
Mississippi Power Co.,C0070039
National Grid,C0070040
Nebraska Public Power District,C0070041
Newfoundland Power,C0070042
NIPSCO,C0070043
Nova Scotia Power,C0070044
NV Energy,C0070045
Oncor Electric Delivery Company LLC,C0070046
Oncor Electric Delivery Company LLC,C0070047
Orange and Rockland,C0070048
PacifiCorp,C0070049
PECO,C0070050
"Pepco Holdings, Inc",C0070051
Piedmont Natural Gas,C0070052
PSEG Services Corporation,C0070053
PSEG Long Island LLC,C0070054
PSEG Long Island LLC,C0070055
Santee Cooper,C0070056
Saskatchewan Power Corporation,C0070057
SMECO,C0070058
Tata Teleservices Ltd,C0070059
"Telvent USA, LLC",C0070060
TUCSON ELECTRIC POWER COMPANY,C0070061
The United Illuminating Co,C0070062
WEC Business Services LLC,C0070063
"Westar Energy, Inc",C0070064
Xcel Energy,C0070065
Zayo,C0070066
Alliant Energy Corp Srvcs Inc,C0070067
Austin Energy,C0070068
"Southern Company Services, Inc",C0070069
OUC,C0070070
Exelon Business Services,C0070071
City of Lakeland,C0070072
Versant Power,C0070073
Evergy Inc.,C0070074
CPS Energy,C0070075
Fayetteville Public Works Commission,C0070076
Tampa Electric Company,C0070077
Optimum Communications Inc.,C0070078
Rappahannock Electric Cooperative,C0070079
Central Maine Power Company,C0070080
Rochester Electric & Gas,C0070081
Connecticut Natural Gas,C0070082
Southern Connecticut Gas,C0070083
The Berkshire Gas Company,C0070084
OKLAHOMA GAS & ELECTRIC COMPANY,c0070085
New York State Electric and Gas,C0070086
COBB EMC,C0070087
DTE Eng Corp Svcs LLC,C0070088
Greater Cincinnati Water Works,C0070089
Texas New Mexico Power Company,C0070090
TorStar Group,C0000978
TorStar Group,C0000979
TorStar Group,C0000980
Budget Propane,C0000981
NYSEG,C0000982
Collect Com,C0000983
Bucks County Water and Sewar,C0000984
The Washington Post,C0000985
Dallas Morning News,C0000986
City of Charlotte,C0000987
San Jose Water,C0000988
Mizuno Canada,C0000989
Credit Bureau Collection Services,C0000990
San Luis Obispo County,C0000991
CC Services Inc,C0000992
Tuition Management Systems Inc.,C0000993
City of Charlotte - Housing & Neighborh,C0000994
Tuition Management Systems Inc.,C0000995
Tuition Management Systems Inc.,C0000996
Direct Insite Corp.,C0000997
City of San Jose,C0000999
Berkshire Group,C0001000
Unitil,C0001001
Unitil,C0001002
Unitil,C0001003
Unitil,C0001004
Casella Waste,C0001005
Bausch and Lomb,C0001006
San Jose Water,C0001009
San Jose Water,C0001010
Novartis Animal Health Canada,C0001011
Novartis Animal Health Canada,C0001012
Johnson and Johnson,C0001016
The Columbus Dispatch,C0001018
UMS - Brampton Library,C0001019
Novec,C0001020
Cotton States Insurance,C0001021
City of Sacramento,C0001022
MWI Veterinary Supply Co,C0001023
Global Life Sciences Solutions USA LLC,C0001025
ING Direct,C0001026
ING Direct,C0001027
ING Direct,C0001029
ING Direct,C0001030
ING Direct,C0001031
Stream Energy,C0001032
Schaeffler Canada,C0001033
Academic Careers Online,C0001034
ABS - Philadelphia United Life,C0001035
ABS - Philanthropic Insurance Companies,C0001036
Accelerated Solutions (ARX),C0001037
Advanced Communications Inc.,C0001038
Alabama Allergy and Asthma Center LLC,C0001039
DSE,C0001040
Allen Printing - DSE,C0001041
American Economic Association,C0001042
American Home Bank,C0001043
American Home Design,C0001044
American Solutions for Business,C0001045
Bartlett Dental,C0001046
Jackson Energy Authority,C0001047
Bust Inc.,C0001048
Cardinal Software Inc.,C0001049
CBP - Dr. James Garner MD,C0001050
CDH Business Products,C0001051
CHD Meridian Healthcare,C0001052
Christie Cookie,C0001053
Citizens Bank,C0001054
City of Mobile,C0001055
Covenant Transport,C0001056
CRC - Milcrofton Utility District,C0001057
CRC - N/CG Utility District,C0001058
CRC - Prestonsburg City's Utilities,C0001059
CRC - Southern Water & Sewer District,C0001060
CRC - Wood Creek Utility,C0001061
CRC - Highland County Water Co. Inc.,C0001062
Eye Surgery Center of Tulsa,C0001063
CSS - Joint Implant Surgeons Inc.,C0001064
CSS - SportsMedicine Grant,C0001065
CUD of Rutherford County,C0001066
Dekalb Community Hospital,C0001067
Denhardt Solutions,C0001068
"Direct Administration, Inc.",C0001069
Dodson Company - Weller Truck,C0001070
DOT Credit Union,C0001071
DTC Communications,C0001072
East Laurel Water Association,C0001073
Eaton Form - Abilene Reporter News Ad Bi,C0001074
North Georgia Propane,C0001075
Eaton Form - Corpus Christie Caller Time,C0001076
Lancaster Colony,C0001077
Eaton Form - Palmer Donivan,C0001078
Eaton Form - R&L Carriers,C0001079
Spirit Services Company,C0001080
UCATS,C0001081
Emerson Bus. Forms - Keystops LLC,C0001082
Capitol Christian Distribution,C0001083
Employee Resources Credit Union,C0001084
Employees Credit Union,C0001085
Cox Graphic Services,C0001086
FAA Federal Credit Union,C0001087
Maryland Heart,C0001088
Formost Graphic - Coupon Books,C0001089
NASA Federal Credit Union Rewards,C0001090
Keany Produce,C0001091
medical,C0001092
Goldleaf Financial Solutions,C0001093
Green Bank DDA,C0001094
Hallsdale Powell Utility District,C0001095
Central Kentucky Radiology,C0001096
HB and TS Utility District,C0001097
Prevalence Health LLC,C0001098
Henderson County Water District,C0001099
Heritage Funds,C0001100
Innovative - AAA Cooper,C0001101
Innovative - Averitt Express,C0001102
Innovative - Chromalox,C0001103
Concentra,C0001104
Farmers Bank,C0001105
Florida Irrigation Supply,C0001106
Formost Graphic-NASA Federal Credit Unio,C0001107
Healthcare Management Systems,C0001108
Interchange Federal Credit Union,C0001109
CPR Property Management,C0001110
PrintCom Solutions- - Penn Treaty,C0001111
Laptop Magazine,C0001112
Leaders Credit Union,C0001113
Aqua Water District,C0001114
Level One - Vectren Source,C0001115
Mallory Valley Utility District,C0001116
Marshall Medical,C0001117
Marshall Medical-Jewett Orthopedic Clini,C0001118
MetLife Paragon Life,C0001119
MPD Community Credit Union,C0001120
Middle Tennessee Federal Credit Union,C0001121
Middle TN Medical Center,C0001122
MS Community Health LLC,C0001123
New South Credit Union,C0001124
Macon Orthopaedic,C0001125
Old Hickory Credit Union,C0001126
Old Hickory Credit Union Tax Jobs,C0001127
Paintsville City Utilities,C0001128
Pathways Inc.,C0001129
Charlotte Bankruptcy,C0001130
Chattanooga Bankruptcy,C0001131
Kansas City Bankruptcy,C0001132
Maryland Bankruptcy,C0001133
Raleigh Bankruptcy,C0001134
Premium Graphics - Southfeild Bankruptcy,C0001135
Premium Graphics - Spokane Bankruptcy,C0001136
Statesville Bankruptcy,C0001137
Premium Graphics  Inc.,C0001138
Proform - Irving Materials Inc.,C0001139
Vision Insurance,C0001140
Putnam Investments,C0001141
RGB Eye,C0001142
Richard Mason - Helena Chemical,C0001143
CRJ,C0001144
UT Medical Group Letters,C0001145
RMS,C0001146
Selmer Utility Division,C0001147
Nash Hospital,C0001148
Cherokee County Federal Credit Union,C0001149
Spectraform,C0001150
St. Thomas Hospital,C0001151
Surgis - Court Street Surgery Center,C0001152
Surgis - Gulf Coast Surgery Center,C0001153
Surgis - Idaho Surgery Center,C0001154
Surgis - Metro Surgery Center,C0001155
Surgis - Northridge Surgical Center,C0001156
Phoenix Childrens Surgery,C0001157
Surgis - Redding Surgery Center,C0001158
Surgis - Redmond Surgery Center,C0001159
Surgis - Surgery Center of Peoria,C0001160
Surgis - Tri-City Orthopaedic Center,C0001161
The Tennessee Credit Union,C0001162
Thomas Nelson,C0001163
Thompson Machinery,C0001164
TMA,C0001165
West Laurel Water Association,C0001166
West TN Healthcare Lab,C0001167
CMG,C0001168
Miami Herald,C0001169
Comfortex Window Fashions,C0001170
Oklahoma City Water Utilities Trust,C0001171
ABSU,C0001172
Bay Area News Group,C0001173
St. Margarita Water District,C0001175
San Jose Mercury News,C0001176
Lexington Herald,C0001177
Nashville Electric Service,C0001178
Cleveland Public Power,C0001179
The United Iluminating Company,C0001180
Electric Power Board,C0001181
Snohomish County PUD,C0001183
Ocwen Loan Servicing,C0001185
Paragould Light Water and Cable (PLWC),C0001186
CRC - Magoffin County Water District,C0001187
CRC - Shady Grove Utility District,C0001188
Eaton Form - Carr Supply,C0001189
Agape,C0001193
Eversource Energy,C0001198
DaVita Gambro Health,C0001201
Encores & More,C0001204
Franklin Road Academy,C0001208
Freed Hardeman University,C0001209
Lighthouse Family Ministries,C0001217
Lifeline Medical Services,C0001218
Mission Discovery,C0001223
Nashville Predators,C0001225
Vanderbilt,C0001241
YMCA,C0001243
Innovative - Youth Encouragement Service,C0001244
Farm Credit Bank of Texas,C0001246
City of Arlington,C0001247
South Coast Water District,C0001249
Osterman Propane,C0001251
CertainTeed Gypsum North America Service,C0001252
News Times,C0001253
Tuition Management Systems Inc.,C0001254
CertainTeed Ceilings Corporation,C0001255
Anchorage Water & Wastewater,C0001256
Tuition Management Systems Inc.,C0001257
Tuition Management Systems Inc.,C0001258
IESI Corporation,C0001260
Washington Gas,C0001261
Bay Area News Group,C0001262
Pond Branch Telephone,C0001263
Municipal Property Assessment (MPAC),C0001264
City of Minneapolis,C0001265
The United Iluminating Company,C0001266
Multiband,C0001268
Washington Gas,C0001270
Washington Gas,C0001271
Miami Herald,C0001272
Central Penn Gas,C0001273
Central Hudson Gas & Electric Corporatio,C0001274
City of Arl,C0001277
Tuition Management Systems Inc.,C0001278
Enbridge,C0001279
City of Anaheim,C0001280
Cort Business Services,C0001282
Consolidated Health Plan,C0001283
Shrewsbury Electric Light,C0001284
Fallon Community Health Plan,C0001285
Health Plans Inc.,C0001286
Tufts Benefit Administrators Inc.,C0001287
Eversource Energy,C0001288
John Hancock Life Insurance Company USA,C0001289
Private Healthcare Systems,C0001290
Aetna Inc.,C0001291
Harvard Pilgrim Health Care,C0001292
PharmaCare,C0001293
Vermont Gas,C0001294
Health Administrators Inc.,C0001295
MFXchange US: Crum and Forster - Fairfax,C0001296
CHUBB & SON (asp),C0001297
Horizon BCBSNJ,C0001298
Computershare Shareowner Services LLC,C0001299
Computershare Shareowner Services LLC,C0001300
Amalgamated Life,C0001301
The AFTRA Health and Retirement Funds,C0001302
AIB,C0001303
HIP Health Plan of New York,C0001304
The Grow Network,C0001305
Orange and Rockland Utilities,C0001306
Empire Blue Cross Blue Shield,C0001307
"MagnaCare, Inc.",C0001308
Commerce America LLC,C0001309
AON Affinity Insurance Services - JLT,C0001310
OCWA - Onondaga County Water Authority,C0001311
CoreSource: Pennsylvania,C0001312
Philadelphia Gas Works,C0001313
FIS,C0001314
FIS,C0001315
Ocwen Loan Servicing,C0001316
FIS,C0001317
Medco Health Solutions Inc.,C0001318
RMS - Coventry Health Care,C0001319
Client First Brokerage Services Inc.,C0001320
Zurich,C0001321
Corporate Benefit Services of America In,C0001322
CoreSource: North Carolina,C0001323
Cobb EMC,C0001324
Cobb EMC: Gas South,C0001325
Cobb EMC: InterLink,C0001326
THE INSURANCE HOUSE,C0001327
Group Resources Inc.,C0001328
City of Atlanta Watershed,C0001329
Catalyst Energy,C0001330
Builders Insurance,C0001331
Vertex Pinellas County,C0001332
Alliant Health Plans,C0001333
DALTON UTILITIES,C0001334
Ageless Care,C0001335
CDC Publishing LLC,C0001336
HSBC Technology & Services,C0001337
HealthPlan Services:  Nationwide,C0001338
HealthPlan Services: AIG,C0001339
HealthPlan Services: CIGNA,C0001340
HealthPlan Services: CIGNA II,C0001341
HealthPlan Services: First Health,C0001342
HealthPlan Services: Humana,C0001343
Southern Benefit Administrator Inc.,C0001344
North American Administrators,C0001345
HealthPlan Services:  Nationwide II,C0001346
Medical Mutual Of Ohio,C0001347
Ohio Health Choice Plan,C0001348
Flora Health Network,C0001349
CVS Caremark,C0001350
Antares Management Solutions,C0001351
Anthem Blue Cross Blue Shield,C0001352
HealthSpan Inc.,C0001353
ViaStar Energy,C0001354
Morris Associates,C0001355
J. F. Molloy & Associates Inc,C0001356
Benefit Systems Inc.,C0001357
Mennonite Mutual Aid,C0001358
Employee Plans LLC,C0001359
VECTREN CORPORATION,C0001360
CAM Administrative Services Inc.,C0001361
M-CARE,C0001362
American Enterprise Group Inc.,C0001363
The Principal Financial Group,C0001364
Cottingham and Butler,C0001365
UMR: Wausau Benefits Inc,C0001366
HealthPartners Administrators Inc.,C0001367
CoreSource: Minnesota,C0001368
America's PPO,C0001369
AssureCare,C0001370
Christian Brothers Services,C0001371
Viant Inc.,C0001372
Health Care Service Corporation,C0001373
Harris Bank: Cash Mgmt,C0001374
HARRIS TRUST,C0001375
Allied Benefit Systems Inc.,C0001376
CNA,C0001377
OSF Healthplans,C0001378
City of Bloomington,C0001379
Mercy Health Plans,C0001380
The EPOCH Group L.C.,C0001381
Americo,C0001382
CoreSource: Kansas,C0001383
Zurich: Universal Underwriters Group,C0001384
FMH Benefit Services,C0001385
Midwest Energy,C0001386
City of Garden City,C0001387
Mid-American Benefits Inc.,C0001388
World Insurance Company,C0001389
Vertex - Truckee Meadows,C0001390
Gilsbar Inc.,C0001391
UMR: Harrington Employee Benefit Service,C0001392
Cleco Power LLC,C0001393
Cher A. Bumps & Associates,C0001394
ASI,C0001395
"REALPAGE, INC",C0001396
Capgemini Energy:  TXU Fulfillment,C0001397
Capgemini Energy:  TXU LBM,C0001398
Capgemini Energy: TXU Statements,C0001399
"Global Gaming LSP, LLC",C0001400
NEBCO - National Employee Benefit Compan,C0001401
Ecom PPO.com Inc.,C0001402
Stream Gas & Electric Ltd.,C0001403
Employers Direct Health Inc,C0001404
The Republic Group,C0001405
ATMOS Energy Corporation,C0001406
"MedSynergies North Texas, Inc",C0001407
Employers Direct Health Inc.,C0001408
Group & Pension Administrators Inc.,C0001409
Provider Networks of America,C0001410
Smith Administrators,C0001411
MXenergy,C0001412
UMR:  Benefit Planners Ltd.,C0001413
Tower Life Insurance Company,C0001414
CNIC Health Solutions,C0001415
Grest-West Healthcare,C0001416
Mercer Health & Benefits,C0001417
Mountain States Administrative Services,C0001418
PacifiCare Health Systems,C0001419
WellPoint Inc.,C0001420
Writers' Guild - Industry Health Fund,C0001421
DoctorSavings LLC,C0001422
Pacific Life & Annuity Company,C0001423
AGIA INSURANCE SERVICES,C0001424
Amplify Education Inc.,C0001425
"Premier Print & Services Group, Inc",C0001904
Tangerine,C0001905
Duke Energy,C0001906
Duke Energy,C0001907
Duke Energy,C0001908
NB Power,C0001910
City of Madison Property Tax,C0001911
Duke Energy,C0001912
Duke Energy,C0001913
Recology Portland,C0001915
City of Seattle,C0001916
Tangerine,C0001917
PepsiCo FritoLay,C0001918
Newport News Waterworks,C0001919
Duke Energy,C0001920
Duke Energy,C0001921
Duke Energy,C0001922
Duke Energy,C0001923
Duke Energy,C0001924
Duke Energy,C0001925
NB Power,C0001926
Sacramento Municipal Utility District,C0001927
Sacramento Municipal Utility District,C0001928
Sacramento Municipal Utility District,C0001929
Sacramento Municipal Utility District,C0001930
Sacramento Municipal Utility District,C0001931
CDD LLC,C0001933
Electrolux,C0001934
Nebraska Furniture Mart,C0001935
CC Services Inc,C0001936
Shred-It,C0001937
Shred-It,C0001938
Upper Peninsula Power Company,C0001939
"Citibank, NA",C0001940
Duke Energy,C0001942
Avant Media LLC,C0001943
Pensacola Energy,C0001944
East Bay Municipal Utility District,C0001946
California Water Service Company,C0001947
WCA Waste Corporation,C0001948
California Water Service Company,C0001950
California Water Service Company,C0001951
"Citibank, NA",C0001953
Hearst Television,C0001955
Mid America Computer Corp (MACC),C0001956
Eversource Energy,C0001957
BlueWave,C0001958
Vertex - Lee County,C0001959
City of Richmond DPU,C0001960
ATMOS Energy Corporation,C0001961
San Diego Superior Court,C0001962
Eversource Energy,C0001963
Chesapeake Utilities Corporation,C0001964
Eversource Energy,C0001967
Eversource Energy,C0001968
Eversource Energy,C0001969
Eversource Energy,C0001970
Eversource Energy,C0001971
Eversource Energy,C0001972
Eversource Energy,C0001973
Eversource Energy,C0001974
Eversource Energy,C0001975
Toyota Financial Services Staging 3 (Cit,C0001977
Electrolux,C0001978
Public Service Company of New Mexico,C0001979
Golden State Water Company,C0001980
JEA,C0001981
San Diego Superior Court,C0001982
Stream Energy,C0001983
"Citibank, NA",C0001984
Market Connections,C0001985
Golden State Water Company,C0001986
Golden State Water Company,C0001987
Golden State Water Company,C0001988
Lincoln Electric,C0001990
Eversource Energy,C0001991
Golden State Water Company,C0001992
Golden State Water Company,C0001993
Golden State Water Company,C0001994
Golden State Water Company,C0001995
Golden State Water Company,C0001996
Gatestone & Co. International Inc.,C0001997
Washington DC Tax and Revenue (Citi),C0002000
"Citibank, NA",C0002001
"Citibank, NA",C0002002
PSEG Long Island LLC,C0002003
Connecticut Natural Gas,C0002005
City of Cedar Rapids - Building Services,C0002007
Entergy,C0002008
"Citibank, NA",C0002009
"Citibank, NA",C0002010
Eversource Energy,C0002011
Eversource Energy,C0002013
Eversource Energy,C0002014
Eversource Energy,C0002015
Eversource Energy,C0002016
Eversource Energy,C0002017
The Dayton Power and Light Company,C0002018
Toyota Flex Lease (Citi),C0002019
Eversource Energy,C0002020
Eversource Energy,C0002021
Eversource Energy,C0002022
Eversource Energy,C0002023
Eversource Energy,C0002024
Eversource Energy,C0002025
Eversource Energy,C0002026
Eversource Energy,C0002027
Eversource Energy,C0002028
Eversource Energy,C0002029
Eversource Energy,C0002030
Eversource Energy,C0002031
Eversource Energy,C0002032
Eversource Energy,C0002033
Eversource Energy,C0002034
Eversource Energy,C0002035
Eversource Energy,C0002036
PNM Line Extension (Citi),C0002037
Washington Gas,C0002038
Washington Gas,C0002039
Washington Gas,C0002040
Washington Gas,C0002041
Lincoln Electric,C0002043
San Francisco Power,C0002044
Toyota Financial Services QA 4 (Citi),C0002046
Hearst Magazines,C0002048
Manulife Securities,C0002049
New Market Hydro,C0002050
Eversource Energy,C0002051
"Citibank, NA",C0002052
"Citibank, NA",C0002053
Waste Industries,C0002054
Eversource Energy,C0002055
Eversource Energy,C0002056
Eversource Energy,C0002057
ABCSLASH,C0002058
California Water Service Company,C0002059
WCA Waste Corporation,C0002060
Eversource Energy,C0002061
Cedar Rapids Finance,C0002063
Market Connections Dynamic Funds,C0002064
Toyota Financial Services Staging 5 (Cit,C0002065
ATMOS Energy Corporation,C0002066
Lakeland Electric,C0002067
USLI Canada,C0002068
City of Lubbock Utilities,C0002069
Market Connections CI Investments,C0002070
"Citibank, NA",C0002072
"Citibank, NA",C0002073
City of Madison Water Utility,C0002074
Peninsula Energy Services Company (PESCO,C0002075
Citizens Property Insurance Corporation,C0002076
Market Connections Dynamic Funds,C0002078
Market Connections Dynamic Funds,C0002079
SRP Salt River Project Power and Water,C0002080
Gatestone & Co. International Inc.,C0002082
Market Connections Dynamic Funds,C0002083
Market Connections CI Investments,C0002084
Eversource Energy,C0002085
Spire Missouri Inc,C0002086
Cedar Rapids Municipal Utilities,C0002087
New York Daily News,C0002088
City of Madison Water Utility,C0002089
City of Clearwater,C0002090
"Citibank, NA",C0002091
MFXchange US Crum and Forster - Fairfax,C0002092
OtterTail UAT,C0002094
Vertex DC Water,C0002095
Market Connections CI Investments,C0002096
Market Connections CI Investments,C0002097
Tampa Electric Company,C0002098
GE Healthcare Pharmaceutical Diagnostic,C0002099
City of Richmond DPU,C0002100
City of Stockton,C0002101
Recology - Mariposa County,C0002102
Recology - Santa Rosa County,C0002103
Vertex DC Water,C0002104
Rumpke Consolidated Companies,C0002105
South Jersey Gas,C0002106
South Jersey Gas,C0002107
City of Stockton,C0002109
Stanley Security,C0002110
Hearst Communications Inc,C0002112
Champion Media,C0002113
Dallas Water Utilities,C0002114
City of Dallas Courts,C0002115
Alectra Utilities,C0002116
Americo,C0002117
Reliance,C0002118
Nashville Electric Service Solar,C0002119
"MedSynergies North Texas, Inc",C0002120
Philadelphia Gas Works,C0002121
City of Long Beach,C0002124
US Dermatology Partners,C0002125
City of Dallas Courts,C0002126
City of Dallas Courts,C0002127
Market Connections Dynamic Funds,C0002128
Power Stream Energy,C0002129
Eversource Energy,C0002130
City of Long Beach,C0002131
City of Long Beach Tyler,C0002132
Public Service Electric and Gas Company,C0002133
"Citibank, NA",C0002134
Carma Submetering Solutions LLC.,C0002135
Port of Long Beach,C0002136
CPS Energy,C0002137
Eversource Energy,C0002138
Tangerine,C0002139
Tangerine,C0002140
Eversource Energy,C0002141
Eversource Energy,C0002142
Eversource Energy,C0002143
Eversource Energy,C0002144
Citizens Energy Group,C0002146
Hearst Broadcasting,C0002147
City of Long Beach Harbor,C0002148
Market Connections CI Investments,C0002150
Market Connections CI Investments,C0002151
Waste Connections Canada,C0002153
Suffolk County Water Authority,C0002154
GridX Inc,C0002155
Municipal Property Assessment (MPAC),C0002156
City of Seattle,C0002157
Alectra Utilities,C0002158
Alectra Utilities,C0002159
City of Long Beach Animal Care,C0002163
EPCOR Energy Alberta,C0002165
Cox Graphic Services,C0002170
Alectra Utilities,C0002171
Alectra Utilities,C0002172
California Water Service Company,C0002173
City of Philadelphia,C0002174
Idaho Power Company,C0002175
"Citibank, NA",C0002176
Municipal Property Assessment (MPAC),C0002178
Municipal Property Assessment (MPAC),C0002179
Municipal Property Assessment (MPAC),C0002180
Municipal Property Assessment (MPAC),C0002181
Municipal Property Assessment (MPAC),C0002182
Municipal Property Assessment (MPAC),C0002183
Municipal Property Assessment (MPAC),C0002184
Municipal Property Assessment (MPAC),C0002185
Municipal Property Assessment (MPAC),C0002186
Municipal Property Assessment (MPAC),C0002187
Municipal Property Assessment (MPAC),C0002188
Municipal Property Assessment (MPAC),C0002189
Bear Valley Electric Service Inc,C0002190
Pacific Northern Gas (PNG),C0002191
Unitil,C0002192
Eastlink,C0002194
Market Connections Dynamic Funds,C0002195
Market Connections Dynamic Funds,C0002196
City of Long Beach Police,C0002197
Vertex DC Water,C0002198
Graphic Center Inc.,C0002199
Municipal Property Assessment (MPAC),C0002200
Municipal Property Assessment (MPAC),C0002201
Municipal Property Assessment (MPAC),C0002202
Municipal Property Assessment (MPAC),C0002203
Duke Energy,C0002207
Washington Suburban Sanitary Commission,C0002208
Duquesne Light Company,C0002209
Orangeville Hydro,C0002210
Region of Durham,C0002211
Region of Durham,C0002212
Colorado Springs Utilities,C0002213
CPS Energy,C0002214
Colorado Springs Utilities,C0002215
Washington Suburban Sanitary Commission,C0002216
Washington Suburban Sanitary Commission,C0002217
Elizabethtown Gas,c0002218
Elizabethtown Gas,C0002219
Elizabethtown Gas,C0002220
Elizabethtown Gas,C0002221
Elizabethtown Gas,C0002222
"Citibank, NA",C0002223
Sacramento Municipal Utility District,C0002225
Jumpstart Automotive Media,c0002227
Puget Sound Energy Inc,C0002228
Cox Graphic Services,C0002229
Cox Graphic Services,C0002231
Stream Energy,C0002232
Stream Energy,C0002233
Duke Energy,C0002234
Duke Energy,C0002235
Duke Energy,C0002236
Midland Power Utility Corporation (MPUC),C0002237
City of Seattle SIT,C0002238
Advanced Disposal,C0002239
Eaton Form - R&L Carriers,C0002241
MacEwen Petroleum,C0002242
Alexandria Renew Enterprises,C0002243
New York State Insurance Fund,C0002244
Market Connections Dynamic Funds,C0002245
"Citibank, NA",C0002246
New Jersey Resources Clean Energy Ventur,C0002247
Greater Cincinnati Water Works,C0002248
Greater Cincinnati Water Works,C0002249
Washington Gas,C0002250
Greater Cincinnati Water Works,C0002255
Vertex Pinellas County,C0002259
Enbridge,C0002261
Enbridge,C0002262
Liberty Utilities,C0002264
Duke Energy,C0002268
Vertex Pinellas County,C0002270
Just Energy,C0002271
Liberty Utilities,C0002273
Duke Energy,C0002274
Duke Energy,C0002275
Duke Energy,C0002276
Duke Energy,C0002277
Toronto Hydro,C0002279
Duke Energy,C0002282
Bear Valley Electric Service Inc,C0002283
Bear Valley Electric Service Inc,C0002284
Bear Valley Electric Service Inc,C0002285
Bear Valley Electric Service Inc,C0002286
Bear Valley Electric Service Inc,C0002287
Bear Valley Electric Service Inc,C0002288
Bear Valley Electric Service Inc,C0002289
Bear Valley Electric Service Inc,C0002290
Vertex Gainesville Regional Utilities,C0002291
Midland Power Utility Corporation (MPUC),C0002292
Toronto Hydro,C0002293
Manulife Securities,C0002296
Manulife Securities,C0002297
Eastern Municipal Water District (EMWD),C0002300
Eversource Energy,C0002302
ABC Energy Utility Company,C0002303
The Pittsburgh Water and Sewer Authority,C0002307
City of Arlington,C0002309
City of Arlington,C0002310
Elexicon Energy,C0002311
Elexicon Energy,C0002312
Elexicon Energy,C0002313
Eversource Energy,C0002314
Eversource Energy,C0002315
Eversource Energy,C0002316
Eversource Energy,C0002317
City of Seattle Fusion SIT,C0002370
"Citibank, NA",C0002372
Vertex Apex Utilities Inc (AUI),C0002376
Vertex Heritage Gas (HGL),C0002377
Vertex Pacific Northern Gas (PNG),C0002378
Global Life Sciences Solutions USA LLC,C0002379
Kitchener Wilmot Hydro Incorporated,C0002381
Toronto Hydro,C0002382
Reliance,C0002383
Philadelphia Gas Works,C0002386
Vertex BullHead,C0002388
Dominion Energy South Carolina,C0002389
Parkland USA,C0002390
Vertex - EPCOR - American Water,C0002392
Vertex - EPCOR - American Water,C0002393
Parkland Corporation,C0002394
Parkland Corporation,C0002395
Region of Durham,C0002397
Metergy Solutions,C0002415
Central Hudson Gas & Electric Corporatio,C0002416
Central Hudson Gas & Electric Corporatio,C0002417
City of Waterloo,C0002418
Eversource Energy,C0002420
Eversource Energy,C0002421
Eversource Energy,C0002422
Eversource Energy,C0002423
PSEG Long Island LLC,C0002424
Reliance QA,C0002427
Home Trust,C0002429
PSEG Long Island LLC,C0002430
PSEG Long Island LLC,C0002431
Philadelphia Gas Works,C0002432
Metergy Solutions,C0002433
Southeast Toyota Finance,C0002435
Provident Energy Management Inc (PEMI),C0002436
Stamford Water Pollution Control Authori,C0002437
RelianceQA02,C0002438
PSEG Long Island LLC,C0002441
PSEG Long Island LLC,C0002442
PSEG Long Island LLC,C0002443
Eversource Energy,C0002444
Eversource Energy,C0002445
Alliant Energy Corp Srvcs Inc,C0002447
Liberty Utilities,C0002448
Liberty Utilities,C0002449
Philadelphia Gas Works,C0002450
Philadelphia Gas Works,C0002451
Philadelphia Gas Works,C0002452
Philadelphia Gas Works,C0002453
Alliant Energy Corp Srvcs Inc,C0002458
Alliant Energy Corp Srvcs Inc,C0002459
Reliance,C0002460
Toronto Hydro,C0002461
